{"training_loss": 0.5613545775413513, "validation_loss": 0.5689022541046143, "Linear_PF_violation": 63.47265625, "epoch": 1999, "LP_time": 0.0257568359375, "training_time": 0.13509368896484375, "_timestamp": 1712150445.4425945, "_runtime": 381.44946455955505, "_step": 1999, "_wandb": {"runtime": 380}}