{"_wandb":{"runtime":432},"_timestamp":1.7492012713140688e+09,"epoch":1999,"Linear_PF_violation":149721.1875,"validation_loss":16.428438186645508,"training_time":0.07150506973266602,"LP_time":0.03296995162963867,"_step":1999,"training_loss":16.41972541809082,"_runtime":432.374418139}